{
    "meta": {
        "start_time": "2023_05_09-03.25.53",
        "num_max_epochs": 1,
        "batch_size": 16,
        "lr": 0.0001,
        "split_by": "sequence",
        "autostop": false,
        "standardized": [
            150,
            350
        ],
        "downsample": [
            224,
            224
        ],
        "weights": "IMAGENET1K_V1",
        "epoch_losses": [
            0.8731778215536171
        ],
        "validation_losses": [
            0.7940679665074003
        ],
        "validation_accs": [
            65.2327948602702
        ]
    },
    "-1": {
        "val_loss": 2.0184123335050046,
        "val_acc": 25.72508790947307,
        "val_microf1": 0.2572508790947307,
        "val_macrof1": 0.08184551973587365,
        "val_weightedf1": 0.10527415951009315,
        "confusion_matrix": [
            [
                9730,
                0,
                0,
                0,
                0
            ],
            [
                8947,
                0,
                0,
                0,
                0
            ],
            [
                5663,
                0,
                0,
                0,
                0
            ],
            [
                8800,
                0,
                0,
                0,
                0
            ],
            [
                4683,
                0,
                0,
                0,
                0
            ]
        ]
    },
    "0": {
        "val_loss": 0.7940679665074003,
        "val_acc": 65.2327948602702,
        "val_microf1": 0.652327948602702,
        "val_macrof1": 0.6479281274137187,
        "val_weightedf1": 0.6447404142497253,
        "confusion_matrix": [
            [
                7618,
                1730,
                158,
                27,
                197
            ],
            [
                3022,
                3754,
                1345,
                438,
                388
            ],
            [
                380,
                1511,
                2206,
                1377,
                189
            ],
            [
                111,
                503,
                1284,
                6887,
                15
            ],
            [
                238,
                83,
                142,
                12,
                4208
            ]
        ],
        "train_loss": 0.8731778215536171,
        "train_acc": 62.76871413839604
    }
}